id,firstName,lastName,email,birthDate,address,city,country,phoneNumber,salary,dependents
1001,John,Doe,john.doe@example.com,1985-05-15,123 Main St,New York,USA,+1-555-123-4567,75000,2
1002,Jane,Smith,jane.smith@example.com,1990-08-21,456 Oak Ave,Los Angeles,USA,+1-555-987-6543,82000,1
1003,Michael,Johnson,michael.j@example.com,1978-03-10,789 Pine Rd,Chicago,USA,+1-555-456-7890,95000,3
1004,Emily,Williams,emily.w@example.com,1992-11-30,101 Maple Dr,Boston,USA,+1-555-789-0123,68000,0
1005,Robert,Brown,robert.b@example.com,1983-07-22,202 Cedar Ln,Seattle,USA,+1-555-234-5678,88000,2
1006,Sarah,Jones,sarah.j@example.com,1995-01-18,303 Birch Blvd,Austin,USA,+1-555-345-6789,72000,1
1007,David,Miller,david.m@example.com,1980-09-05,404 Elm St,Denver,USA,+1-555-456-7890,91000,4
1008,Jennifer,Davis,jennifer.d@example.com,1988-12-12,505 Walnut Ave,Miami,USA,+1-555-567-8901,79000,2
1009,James,Wilson,james.w@example.com,1975-04-28,606 Spruce Rd,Atlanta,USA,+1-555-678-9012,105000,3
1010,Lisa,Taylor,lisa.t@example.com,1993-06-15,707 Fir Dr,San Francisco,USA,+1-555-789-0123,76000,0
1011,Thomas,Anderson,thomas.a@example.com,1982-02-20,123 Oxford St,London,UK,+44-20-1234-5678,65000,1
1012,Emma,Clarke,emma.c@example.com,1991-09-08,456 Baker St,London,UK,+44-20-9876-5432,72000,0
1013,Oliver,Wright,oliver.w@example.com,1979-11-15,789 Bond St,Manchester,UK,+44-161-234-5678,80000,2
1014,Sophie,Martin,sophie.m@example.com,1994-03-27,101 High St,Birmingham,UK,+44-121-987-6543,62000,1
1015,William,Thompson,william.t@example.com,1984-08-03,202 Park Ln,Liverpool,UK,+44-151-345-6789,75000,3
1016,Charlotte,Harris,charlotte.h@example.com,1996-05-12,303 Queen St,Edinburgh,UK,+44-131-456-7890,58000,0
1017,George,Clark,george.c@example.com,1981-01-25,404 King Rd,Glasgow,UK,+44-141-567-8901,82000,2
1018,Olivia,Lewis,olivia.l@example.com,1989-07-19,505 Castle Ave,Bristol,UK,+44-117-678-9012,69000,1
1019,Harry,Walker,harry.w@example.com,1976-10-31,606 Victoria St,Leeds,UK,+44-113-789-0123,88000,4
1020,Amelia,Green,amelia.g@example.com,1993-12-05,707 Albert Rd,Sheffield,UK,+44-114-890-1234,64000,0
1021,Pierre,Dubois,pierre.d@example.com,1984-04-12,123 Rue de Rivoli,Paris,France,+33-1-2345-6789,70000,2
1022,Sophie,Moreau,sophie.m2@example.com,1990-11-23,456 Avenue des Champs-Élysées,Paris,France,+33-1-9876-5432,75000,1
1023,Jean,Bernard,jean.b@example.com,1977-06-08,789 Boulevard Saint-Germain,Lyon,France,+33-4-2345-6789,85000,3
1024,Marie,Laurent,marie.l@example.com,1992-02-15,101 Rue de la République,Marseille,France,+33-4-9876-5432,65000,0
1025,Antoine,Leroy,antoine.l@example.com,1983-09-27,202 Avenue Jean Jaurès,Toulouse,France,+33-5-2345-6789,78000,2
1026,Camille,Petit,camille.p@example.com,1995-07-04,303 Rue de la Liberté,Nice,France,+33-4-3456-7890,68000,1
1027,Nicolas,Roux,nicolas.r@example.com,1980-03-18,404 Boulevard Victor Hugo,Bordeaux,France,+33-5-4567-8901,82000,2
1028,Isabelle,Simon,isabelle.s@example.com,1988-05-29,505 Avenue Gambetta,Lille,France,+33-3-5678-9012,72000,0
1029,François,Martin,francois.m@example.com,1975-12-10,606 Rue Nationale,Strasbourg,France,+33-3-6789-0123,90000,3
1030,Élise,Durand,elise.d@example.com,1993-08-21,707 Boulevard de la Paix,Nantes,France,+33-2-7890-1234,67000,1
1031,Ethan,Lee,ethan.l@example.com,1988-07-12,255 Willow Way,Toronto,Canada,+1-416-555-0101,82000,1
1032,Chloe,Garcia,chloe.g@example.com,1991-03-25,300 Bay St,Vancouver,Canada,+1-604-555-0102,78000,0
1033,Liam,Nguyen,liam.n@example.com,1979-11-08,17 Park Ave,Montreal,Canada,+1-514-555-0103,92000,3
1034,Ava,Scott,ava.s@example.com,1994-06-17,888 King St W,Toronto,Canada,+1-647-555-0104,71000,1
1035,Noah,Robinson,noah.r@example.com,1985-01-30,42 Queen St E,Calgary,Canada,+1-403-555-0105,88000,2
1036,Mia,Adams,mia.a@example.com,1997-09-03,1500 Main St,Ottawa,Canada,+1-613-555-0106,65000,0
1037,Lucas,Campbell,lucas.c@example.com,1982-12-19,75 Front St,Toronto,Canada,+1-416-555-0107,95000,2
1038,Isabella,Flores,isabella.f@example.com,1990-08-01,321 Yonge St,Edmonton,Canada,+1-780-555-0108,76000,1
1039,Jackson,Perez,jackson.p@example.com,1976-04-14,99 Rideau St,Winnipeg,Canada,+1-204-555-0109,102000,3
1040,Sophia,Hall,sophia.h@example.com,1996-02-22,600 Jasper Ave,Quebec City,Canada,+1-418-555-0110,69000,0
1041,Maximilian,Schmidt,maximilian.s@example.com,1987-05-10,12 Kurfürstendamm,Berlin,Germany,+49-30-1234567,78000,1
1042,Hannah,Müller,hannah.m@example.com,1993-10-02,45 Marienplatz,Munich,Germany,+49-89-2345678,85000,2
1043,Leon,Weber,leon.w@example.com,1981-08-15,78 Reeperbahn,Hamburg,Germany,+49-40-3456789,92000,0
1044,Emilia,Schneider,emilia.s@example.com,1995-01-20,10 Domkloster,Cologne,Germany,+49-221-4567890,72000,1
1045,Felix,Fischer,felix.f@example.com,1978-06-05,23 Zeil,Frankfurt,Germany,+49-69-5678901,100000,3
1046,William,Smith,william.s@example.com,1989-04-18,30 George St,Sydney,Australia,+61-2-9876-5432,81000,2
1047,Olivia,Jones,olivia.j@example.com,1992-09-11,55 Collins St,Melbourne,Australia,+61-3-8765-4321,77000,0
1048,Jack,Williams,jack.w@example.com,1980-07-07,80 Queen St,Brisbane,Australia,+61-7-7654-3210,90000,1
1049,Isla,Brown,isla.b@example.com,1997-03-29,100 St Georges Terrace,Perth,Australia,+61-8-6543-2109,68000,0
1050,Thomas,Wilson,thomas.w@example.com,1984-11-03,12 King William St,Adelaide,Australia,+61-8-5432-1098,85000,2
1051,Christopher,Moore,christopher.m@example.com,1986-09-22,500 Congress Ave,Houston,USA,+1-713-555-0201,93000,1
1052,Jessica,Taylor,jessica.t@example.com,1991-04-05,100 N Central Ave,Phoenix,USA,+1-602-555-0202,79000,0
1053,Matthew,Martinez,matthew.m@example.com,1977-01-15,20 Main Street Plaza,Dallas,USA,+1-214-555-0203,108000,3
1054,Ashley,Hernandez,ashley.h@example.com,1994-08-28,300 Peachtree St,Atlanta,USA,+1-404-555-0204,74000,1
1055,Joshua,Garcia,joshua.g@example.com,1983-05-12,45 Michigan Ave,Chicago,USA,+1-312-555-0205,89000,2
1056,Amanda,Rodriguez,amanda.r@example.com,1996-10-07,1 Market St,San Francisco,USA,+1-415-555-0206,80000,0
1057,Daniel,Lopez,daniel.l@example.com,1980-02-19,60 Broad St,New York,USA,+1-212-555-0207,115000,4
1058,Linda,Gonzalez,linda.g@example.com,1988-11-13,75 State St,Boston,USA,+1-617-555-0208,70000,1
1059,Brian,Perez,brian.p@example.com,1975-07-01,90 Hollywood Blvd,Los Angeles,USA,+1-323-555-0209,120000,2
1060,Megan,Sanchez,megan.s@example.com,1993-03-03,10 Ocean Dr,Miami,USA,+1-305-555-0210,77000,0
1061,Grace,Allen,grace.a@example.com,1987-10-14,24 Abbey Road,London,UK,+44-20-7555-0301,83000,1
1062,Ryan,Young,ryan.y@example.com,1990-06-27,35 Deansgate,Manchester,UK,+44-161-355-0302,76000,0
1063,Victoria,King,victoria.k@example.com,1979-01-09,42 Bullring,Birmingham,UK,+44-121-455-0303,94000,3
1064,Samuel,Wright,samuel.w@example.com,1995-09-16,50 Princes Street,Edinburgh,UK,+44-131-555-0304,69000,1
1065,Lily,Scott,lily.s@example.com,1982-04-02,68 Buchanan St,Glasgow,UK,+44-141-655-0305,87000,2
1066,Owen,Green,owen.g@example.com,1998-02-08,15 Park Row,Leeds,UK,+44-113-755-0306,62000,0
1067,Zoe,Adams,zoe.a@example.com,1981-07-23,29 Corn Street,Bristol,UK,+44-117-855-0307,80000,2
1068,Nathan,Baker,nathan.b@example.com,1985-12-01,33 Pinstone St,Sheffield,UK,+44-114-955-0308,73000,1
1069,Eleanor,Nelson,eleanor.n@example.com,1976-05-30,47 Castle Street,Liverpool,UK,+44-151-255-0309,103000,3
1070,Isaac,Hill,isaac.h@example.com,1992-11-24,58 Broadmead,Nottingham,UK,+44-115-155-0310,71000,0
1071,Lucas,Garnier,lucas.g@example.com,1986-03-11,8 Rue de la Paix,Paris,France,+33-1-3555-0401,86000,2
1072,Manon,Aubert,manon.a@example.com,1991-08-04,14 Quai Saint-Antoine,Lyon,France,+33-4-4555-0402,79000,1
1073,Gabriel,Blanc,gabriel.b@example.com,1978-10-26,22 Cours Mirabeau,Marseille,France,+33-4-5555-0403,97000,3
1074,Chloé,Girard,chloe.g2@example.com,1994-01-07,30 Place du Capitole,Toulouse,France,+33-5-6555-0404,70000,0
1075,Louis,Fontaine,louis.f@example.com,1983-06-19,45 Promenade des Anglais,Nice,France,+33-4-7555-0405,88000,2
1076,Léa,Lambert,lea.l@example.com,1997-12-03,53 Rue Sainte-Catherine,Bordeaux,France,+33-5-8555-0406,66000,1
1077,Arthur,Bonnet,arthur.b@example.com,1980-09-01,60 Grand Place,Lille,France,+33-3-9555-0407,91000,2
1078,Juliette,Rousseau,juliette.r@example.com,1989-05-25,71 Place Kléber,Strasbourg,France,+33-3-1555-0408,75000,0
1079,Hugo,Vincent,hugo.v@example.com,1975-02-13,88 Rue Crébillon,Nantes,France,+33-2-2555-0409,106000,3
1080,Alice,Marchand,alice.m@example.com,1993-07-31,95 Place de la Comédie,Montpellier,France,+33-4-3555-0410,69000,1